<?xml version='1.0' encoding='utf-8' ?>

<connector-plugin class='CedrusDATA' superclass='jdbc' plugin-version='1.0.0' name='Trino JDBC' version='442' min-version-tableau='2020.1'>
  <vendor-information>
      <company name="CedrusDATA"/>
      <support-link url="https://docs.cedrusdata.ru/latest/client/jdbc.html"/>
      <driver-download-link url="https://repo1.maven.org/maven2/io/trino/trino-jdbc/442/trino-jdbc-442.jar"/>
  </vendor-information>
  <connection-customization class="CedrusDATA" enabled="true" version="10.0">
    <vendor name="CedrusDATA"/>
    <driver name="trino-jdbc-442"/>
    <customizations>
      <customization name="CAP_SELECT_INTO" value="no"/> <!-- Отключаем SELECT INTO -->
      <customization name="CAP_SELECT_TOP_INTO" value="no"/> <!-- Отключаем SELECT TOP INTO -->
      <customization name="CAP_CREATE_TEMP_TABLES" value="no"/> <!-- Отключаем создание временных таблиц -->
      <customization name="CAP_QUERY_BOOLEXPR_TO_INTEXPR" value="no"/>
      <customization name="CAP_QUERY_GROUP_BY_BOOL" value="yes"/>
      <customization name="CAP_QUERY_GROUP_BY_DEGREE" value="yes"/>
      <customization name="CAP_QUERY_SORT_BY" value="yes"/>
      <customization name="CAP_QUERY_SUBQUERIES" value="yes"/>
      <customization name="CAP_QUERY_TOP_N" value="yes"/>
      <customization name="CAP_QUERY_TOP_SAMPLE" value="yes"/>
      <customization name="CAP_QUERY_TOP_SAMPLE_PERCENT" value="yes"/>
      <customization name="CAP_QUERY_WHERE_FALSE_METADATA" value="yes"/>
      <customization name="CAP_QUERY_SUBQUERIES_WITH_TOP" value="yes"/>
      <customization name="CAP_SUPPORTS_SPLIT_FROM_LEFT" value="yes"/>
      <customization name="CAP_SUPPORTS_SPLIT_FROM_RIGHT" value="yes"/>
      <customization name="CAP_SUPPORTS_UNION" value="yes"/>
      <customization name="CAP_QUERY_ALLOW_PARTIAL_AGGREGATION" value="no"/>
      <customization name="CAP_QUERY_TIME_REQUIRES_CAST" value="yes"/>
      <customization name="CAP_CONNECT_STORED_PROCEDURE" value="no"/>
      <customization name="CAP_FAST_METADATA" value="yes"/> <!-- Убедитесь, что быстрое получение метаданных включено -->
      <customization name="CAP_ISOLATION_LEVEL_READ_COMMITTED" value="no"/>
      <customization name="CAP_JDBC_BIND_DETECT_ALIAS_CASE_FOLDING" value="yes"/>
      <customization name="CAP_JDBC_EXPORT_DATA_BATCH" value="no"/>
      <customization name="CAP_JDBC_METADATA_GET_INDEX_INFO" value="no"/>
      <customization name="CAP_JDBC_METADATA_READ_FOREIGNKEYS" value="no"/>
      <customization name="CAP_JDBC_METADATA_READ_PRIMARYKEYS" value="no"/>
      <customization name="CAP_JDBC_METADATA_USE_RESULTSET_FOR_TABLE" value="yes"/> <!-- Убедитесь, что использование ResultSet для таблиц включено -->
      <customization name="CAP_JDBC_QUERY_ASYNC" value="yes"/>
      <customization name="CAP_JDBC_QUERY_CANCEL" value="yes"/>
      <customization name="CAP_JDBC_QUERY_DISABLE_AUTO_COMMIT" value="no"/>
      <customization name="CAP_JDBC_QUERY_FORCE_PREPARE" value="yes"/>
      <customization name="CAP_JDBC_SUPPRESS_EMPTY_CATALOG_NAME" value="yes"/>
      <customization name="CAP_JDBC_SUPPRESS_ENUMERATE_DATABASES" value="no"/> <!-- Отключаем подавление перечисления баз данных -->
      <customization name="CAP_JDBC_SUPPRESS_ENUMERATE_SCHEMAS" value="no"/> <!-- Отключаем подавление перечисления схем -->
      <customization name="CAP_JDBC_USE_ADAPTIVE_FETCH_SIZE" value="yes"/>
      <customization name="CAP_MULTIPLE_CONNECTIONS_FROM_SAME_IP" value="yes"/>
      <customization name="CAP_QUERY_FROM_REQUIRES_ALIAS" value="yes"/>
      <customization name="CAP_QUERY_HAVING_REQUIRES_GROUP_BY" value="yes"/>
      <customization name="CAP_QUERY_INCLUDE_GROUP_BY_COLUMNS_IN_SELECT" value="yes"/>
      <customization name="CAP_QUERY_JOIN_ACROSS_SCHEMAS" value="yes"/>
      <customization name="CAP_QUERY_JOIN_ASSUME_CONSTRAINED" value="yes"/>
      <customization name="CAP_QUERY_JOIN_PUSH_DOWN_CONDITION_EXPRESSIONS" value="yes"/>
      <customization name="CAP_QUERY_JOIN_REQUIRES_SCOPE" value="yes"/>
      <customization name="CAP_QUERY_JOIN_REQUIRES_SUBQUERY" value="yes"/>
      <customization name="CAP_QUERY_NULL_REQUIRES_CAST" value="yes"/>
      <customization name="CAP_QUERY_SELECT_ALIASES_SORTED" value="yes"/>
      <customization name="CAP_QUERY_SORT_BY_DEGREE" value="yes"/>
      <customization name="CAP_QUERY_SUBQUERY_DATASOURCE_CONTEXT" value="yes"/>
      <customization name="CAP_QUERY_SUBQUERY_QUERY_CONTEXT" value="yes"/>
      <customization name="CAP_QUERY_TOPSTYLE_LIMIT" value="yes"/>
      <customization name="CAP_QUERY_TOPSTYLE_ROWNUM" value="yes"/>
      <customization name="CAP_QUERY_TOPSTYLE_TOP" value="yes"/>
      <customization name="CAP_QUERY_USE_QUERY_FUSION" value="no"/>
      <customization name="CAP_SET_ISOLATION_LEVEL_VIA_SQL" value="no"/>
      <customization name="CAP_STORED_PROCEDURE_PREFER_TEMP_TABLE" value="no"/>
      <customization name="CAP_STORED_PROCEDURE_REPAIR_TEMP_TABLE_STRINGS" value="no"/>
      <customization name="CAP_STORED_PROCEDURE_TEMP_TABLE_FROM_BUFFER" value="no"/>
      <customization name="CAP_STORED_PROCEDURE_TEMP_TABLE_FROM_NEW_PROTOCOL" value="no"/>
      <customization name="CAP_SUPPRESS_DISCOVERY_QUERIES" value="no"/> <!-- Отключаем подавление запросов обнаружения -->
      <customization name="CAP_SUPPRESS_DISPLAY_LIMITATIONS" value="yes"/>
  </customizations>
  </connection-customization>
  <connection-dialog file='connection-dialog.tcd'/>
  <connection-resolver file="connectionResolver.tdr"/>
  <dialect file='dialect.tdd'/>
</connector-plugin>
